state,crop,avg_yield_kg_ha
Andaman And Nicobar Islands,Arecanut,1779.16
Andaman And Nicobar Islands,Arhar/Tur,1027.47
Andaman And Nicobar Islands,Banana,9629.28
Andaman And Nicobar Islands,Black Pepper,442.93
Andaman And Nicobar Islands,Cashewnut,579.22
Andaman And Nicobar Islands,Cowpea(Lobia),4634.42
Andaman And Nicobar Islands,Dry Chillies,3234.64
Andaman And Nicobar Islands,Dry Ginger,8052.7
Andaman And Nicobar Islands,Ginger,6352.81
Andaman And Nicobar Islands,Groundnut,844.14
Andaman And Nicobar Islands,Maize,2515.5
Andaman And Nicobar Islands,Moong(Green Gram),602.7
Andaman And Nicobar Islands,Oilseeds Total,628.91
Andaman And Nicobar Islands,Other Kharif Pulses,536.68
Andaman And Nicobar Islands,Other Oilseeds,562.68
Andaman And Nicobar Islands,Rapeseed &Mustard,874.7
Andaman And Nicobar Islands,Rice,2358.53
Andaman And Nicobar Islands,Safflower,500.0
Andaman And Nicobar Islands,Sesamum,505.65
Andaman And Nicobar Islands,Sugarcane,13969.17
Andaman And Nicobar Islands,Sunflower,1056.3
Andaman And Nicobar Islands,Sweet Potato,14240.62
Andaman And Nicobar Islands,Tapioca,13298.19
Andaman And Nicobar Islands,Turmeric,6056.03
Andaman And Nicobar Islands,Urad,482.15
Andhra Pradesh,Arecanut,2173.74
Andhra Pradesh,Arhar/Tur,494.4
Andhra Pradesh,Bajra,1173.98
Andhra Pradesh,Banana,34554.47
Andhra Pradesh,Black Pepper,937.5
Andhra Pradesh,Cashewnut,444.28
Andhra Pradesh,Castor Seed,498.98
Andhra Pradesh,Coriander,526.6
Andhra Pradesh,Cowpea(Lobia),622.93
Andhra Pradesh,Dry Chillies,2950.18
Andhra Pradesh,Garlic,2168.09
Andhra Pradesh,Ginger,4320.33
Andhra Pradesh,Gram,1271.71
Andhra Pradesh,Groundnut,1580.22
Andhra Pradesh,Guar Seed,1904.76
Andhra Pradesh,Horse-Gram,435.59
Andhra Pradesh,Jowar,1354.56
Andhra Pradesh,Linseed,300.68
Andhra Pradesh,Maize,4545.05
Andhra Pradesh,Masoor,363.28
Andhra Pradesh,Moong(Green Gram),501.83
Andhra Pradesh,Niger Seed,411.21
Andhra Pradesh,Oilseeds Total,4040.8
Andhra Pradesh,Onion,19607.28
Andhra Pradesh,Other Kharif Pulses,388.96
Andhra Pradesh,Other Oilseeds,12193.31
Andhra Pradesh,Other Rabi Pulses,540.42
Andhra Pradesh,Potato,10514.97
Andhra Pradesh,Ragi,1404.34
Andhra Pradesh,Rapeseed &Mustard,731.44
Andhra Pradesh,Rice,2939.92
Andhra Pradesh,Safflower,461.76
Andhra Pradesh,Sesamum,262.3
Andhra Pradesh,Small Millets,680.38
Andhra Pradesh,Soyabean,1467.59
Andhra Pradesh,Sugarcane,81436.03
Andhra Pradesh,Sunflower,877.01
Andhra Pradesh,Sweet Potato,11359.02
Andhra Pradesh,Tapioca,10884.15
Andhra Pradesh,Tobacco,2069.12
Andhra Pradesh,Turmeric,7050.16
Andhra Pradesh,Urad,613.45
Andhra Pradesh,Wheat,818.44
Arunachal Pradesh,Arhar/Tur,820.21
Arunachal Pradesh,Dry Chillies,2228.17
Arunachal Pradesh,Ginger,6222.17
Arunachal Pradesh,Groundnut,1105.89
Arunachal Pradesh,Maize,1548.82
Arunachal Pradesh,Masoor,741.37
Arunachal Pradesh,Moong(Green Gram),1092.04
Arunachal Pradesh,Oilseeds Total,1067.64
Arunachal Pradesh,Other Kharif Pulses,927.5
Arunachal Pradesh,Other Oilseeds,1121.69
Arunachal Pradesh,Other Rabi Pulses,727.27
Arunachal Pradesh,Peas & Beans (Pulses),1322.51
Arunachal Pradesh,Potato,7058.19
Arunachal Pradesh,Rapeseed &Mustard,1167.14
Arunachal Pradesh,Rice,1349.77
Arunachal Pradesh,Sesamum,800.25
Arunachal Pradesh,Small Millets,977.25
Arunachal Pradesh,Soyabean,1635.84
Arunachal Pradesh,Sugarcane,19319.24
Arunachal Pradesh,Sunflower,697.33
Arunachal Pradesh,Turmeric,4417.47
Arunachal Pradesh,Urad,972.01
Arunachal Pradesh,Wheat,1696.82
Assam,Arecanut,899.44
Assam,Arhar/Tur,769.85
Assam,Banana,15050.94
Assam,Black Pepper,1803.84
Assam,Castor Seed,500.12
Assam,Dry Chillies,705.94
Assam,Ginger,7903.29
Assam,Gram,544.76
Assam,Linseed,535.62
Assam,Maize,1403.54
Assam,Masoor,591.03
Assam,Moong(Green Gram),535.8
Assam,Niger Seed,545.8
Assam,Onion,3668.78
Assam,Other Rabi Pulses,573.58
Assam,Peas & Beans (Pulses),731.12
Assam,Potato,7109.21
Assam,Rapeseed &Mustard,544.58
Assam,Rice,1684.65
Assam,Sesamum,555.16
Assam,Small Millets,552.69
Assam,Sugarcane,37431.81
Assam,Sweet Potato,4142.69
Assam,Tapioca,6162.06
Assam,Tobacco,605.34
Assam,Turmeric,843.17
Assam,Urad,580.97
Assam,Wheat,1182.36
Bihar,Arhar/Tur,1451.51
Bihar,Bajra,904.95
Bihar,Banana,18304.18
Bihar,Barley,1240.53
Bihar,Castor Seed,941.17
Bihar,Coriander,692.19
Bihar,Dry Chillies,936.22
Bihar,Garlic,1457.23
Bihar,Ginger,1523.14
Bihar,Gram,996.04
Bihar,Groundnut,876.85
Bihar,Horse-Gram,870.02
Bihar,Jowar,1068.77
Bihar,Khesari,863.68
Bihar,Linseed,787.62
Bihar,Maize,2928.76
Bihar,Masoor,842.36
Bihar,Moong(Green Gram),650.47
Bihar,Niger Seed,610.65
Bihar,Onion,9875.08
Bihar,Other Kharif Pulses,705.34
Bihar,Other Rabi Pulses,832.14
Bihar,Peas & Beans (Pulses),977.94
Bihar,Potato,10854.54
Bihar,Ragi,949.03
Bihar,Rapeseed &Mustard,991.58
Bihar,Rice,1566.09
Bihar,Safflower,763.5
Bihar,Sannhamp,1300.53
Bihar,Sesamum,767.29
Bihar,Small Millets,755.41
Bihar,Soyabean,748.95
Bihar,Sugarcane,47525.82
Bihar,Sunflower,1288.42
Bihar,Sweet Potato,12955.0
Bihar,Tobacco,1408.76
Bihar,Turmeric,1054.81
Bihar,Urad,821.36
Bihar,Wheat,2190.32
Chandigarh,Arhar/Tur,1000.0
Chandigarh,Gram,1000.0
Chandigarh,Maize,2273.81
Chandigarh,Masoor,1437.5
Chandigarh,Moong(Green Gram),1000.0
Chandigarh,Onion,20259.26
Chandigarh,Potato,19702.47
Chandigarh,Rapeseed &Mustard,1387.14
Chandigarh,Rice,4934.09
Chandigarh,Sunflower,2800.0
Chandigarh,Urad,886.67
Chandigarh,Wheat,4562.38
Chhattisgarh,Arhar/Tur,501.58
Chhattisgarh,Bajra,546.69
Chhattisgarh,Banana,32789.53
Chhattisgarh,Barley,848.19
Chhattisgarh,Castor Seed,388.13
Chhattisgarh,Coriander,294.79
Chhattisgarh,Dry Chillies,619.67
Chhattisgarh,Garlic,2936.5
Chhattisgarh,Ginger,1201.96
Chhattisgarh,Gram,856.33
Chhattisgarh,Groundnut,1339.27
Chhattisgarh,Guar Seed,807.69
Chhattisgarh,Horse-Gram,338.7
Chhattisgarh,Jowar,991.3
Chhattisgarh,Khesari,615.0
Chhattisgarh,Linseed,324.07
Chhattisgarh,Maize,1731.49
Chhattisgarh,Masoor,327.28
Chhattisgarh,Moong(Green Gram),300.08
Chhattisgarh,Niger Seed,477.62
Chhattisgarh,Onion,5999.25
Chhattisgarh,Other Kharif Pulses,318.58
Chhattisgarh,Other Rabi Pulses,456.11
Chhattisgarh,Peas & Beans (Pulses),350.52
Chhattisgarh,Potato,6100.62
Chhattisgarh,Ragi,269.16
Chhattisgarh,Rapeseed &Mustard,430.31
Chhattisgarh,Rice,1494.52
Chhattisgarh,Safflower,309.13
Chhattisgarh,Sannhamp,484.28
Chhattisgarh,Sesamum,339.22
Chhattisgarh,Small Millets,322.47
Chhattisgarh,Soyabean,956.77
Chhattisgarh,Sugarcane,4452.0
Chhattisgarh,Sunflower,721.25
Chhattisgarh,Sweet Potato,5673.9
Chhattisgarh,Tobacco,687.31
Chhattisgarh,Turmeric,1077.27
Chhattisgarh,Urad,299.71
Chhattisgarh,Wheat,1410.41
Dadra And Nagar Haveli,Arhar/Tur,1005.73
Dadra And Nagar Haveli,Banana,14377.78
Dadra And Nagar Haveli,Coriander,800.0
Dadra And Nagar Haveli,Cowpea(Lobia),1200.0
Dadra And Nagar Haveli,Gram,907.33
Dadra And Nagar Haveli,Groundnut,1153.27
Dadra And Nagar Haveli,Jowar,1981.68
Dadra And Nagar Haveli,Maize,998.3
Dadra And Nagar Haveli,Niger Seed,957.98
Dadra And Nagar Haveli,Other Kharif Pulses,919.96
Dadra And Nagar Haveli,Other Rabi Pulses,910.57
Dadra And Nagar Haveli,Ragi,1304.47
Dadra And Nagar Haveli,Rapeseed &Mustard,860.27
Dadra And Nagar Haveli,Rice,2045.56
Dadra And Nagar Haveli,Sannhamp,621.89
Dadra And Nagar Haveli,Sesamum,760.42
Dadra And Nagar Haveli,Small Millets,928.25
Dadra And Nagar Haveli,Sugarcane,79781.57
Dadra And Nagar Haveli,Sunflower,600.0
Dadra And Nagar Haveli,Urad,943.07
Dadra And Nagar Haveli,Wheat,1976.59
Daman And Diu,Bajra,1503.8
Daman And Diu,Rice,1202.47
Delhi,Arhar/Tur,1460.91
Delhi,Bajra,1979.12
Delhi,Barley,2249.57
Delhi,Gram,1734.89
Delhi,Jowar,877.25
Delhi,Maize,8030.63
Delhi,Other Kharif Pulses,1402.87
Delhi,Potato,13919.0
Delhi,Rapeseed &Mustard,2500.0
Delhi,Rice,2675.31
Delhi,Sugarcane,69291.67
Delhi,Wheat,4190.85
Goa,Arecanut,1683.21
Goa,Banana,10288.92
Goa,Black Pepper,299.75
Goa,Cashewnut,426.0
Goa,Groundnut,2015.66
Goa,Maize,4000.0
Goa,Other Kharif Pulses,681.8
Goa,Other Oilseeds,2281.53
Goa,Other Rabi Pulses,952.26
Goa,Ragi,969.88
Goa,Rice,2685.49
Goa,Sugarcane,51048.56
Goa,Sweet Potato,2604.67
Gujarat,Arhar/Tur,996.57
Gujarat,Bajra,1860.49
Gujarat,Banana,65909.0
Gujarat,Castor Seed,1964.47
Gujarat,Dry Chillies,976.89
Gujarat,Garlic,5802.57
Gujarat,Gram,1001.4
Gujarat,Groundnut,1722.82
Gujarat,Guar Seed,780.8
Gujarat,Jowar,1112.91
Gujarat,Maize,1747.24
Gujarat,Moong(Green Gram),572.06
Gujarat,Moth,498.17
Gujarat,Oilseeds Total,1342.32
Gujarat,Onion,27207.57
Gujarat,Other Cereals,879.94
Gujarat,Other Kharif Pulses,537.16
Gujarat,Other Oilseeds,405.64
Gujarat,Other Rabi Pulses,744.36
Gujarat,Potato,23785.24
Gujarat,Ragi,922.68
Gujarat,Rapeseed &Mustard,1477.98
Gujarat,Rice,2191.6
Gujarat,Sesamum,1082.57
Gujarat,Small Millets,788.98
Gujarat,Soyabean,1006.39
Gujarat,Sugarcane,66780.78
Gujarat,Tobacco,1872.88
Gujarat,Urad,687.54
Gujarat,Wheat,2721.11
Haryana,Arhar/Tur,1102.37
Haryana,Bajra,1798.62
Haryana,Barley,3338.83
Haryana,Castor Seed,815.13
Haryana,Coriander,2501.6
Haryana,Dry Chillies,4818.77
Haryana,Garlic,10020.6
Haryana,Ginger,11349.66
Haryana,Gram,1104.22
Haryana,Groundnut,1032.71
Haryana,Guar Seed,803.46
Haryana,Horse-Gram,473.1
Haryana,Jowar,491.52
Haryana,Maize,2882.94
Haryana,Masoor,1049.2
Haryana,Moong(Green Gram),503.45
Haryana,Moth,350.14
Haryana,Onion,21524.42
Haryana,Other Kharif Pulses,693.89
Haryana,Other Oilseeds,1350.41
Haryana,Other Rabi Pulses,886.87
Haryana,Peas & Beans (Pulses),5178.49
Haryana,Potato,22377.3
Haryana,Rapeseed &Mustard,1543.03
Haryana,Rice,2824.29
Haryana,Sannhamp,666.02
Haryana,Sesamum,545.2
Haryana,Sugarcane,62054.27
Haryana,Sunflower,1849.8
Haryana,Sweet Potato,19225.24
Haryana,Turmeric,10590.61
Haryana,Urad,557.33
Haryana,Wheat,4223.38
Himachal Pradesh,Arhar/Tur,424.26
Himachal Pradesh,Bajra,650.69
Himachal Pradesh,Barley,1320.93
Himachal Pradesh,Coriander,475.56
Himachal Pradesh,Dry Chillies,342.24
Himachal Pradesh,Garlic,1003.18
Himachal Pradesh,Ginger,5835.56
Himachal Pradesh,Gram,787.76
Himachal Pradesh,Groundnut,774.09
Himachal Pradesh,Horse-Gram,452.4
Himachal Pradesh,Jowar,315.6
Himachal Pradesh,Linseed,280.54
Himachal Pradesh,Maize,2341.69
Himachal Pradesh,Masoor,648.35
Himachal Pradesh,Moong(Green Gram),487.8
Himachal Pradesh,Moth,405.8
Himachal Pradesh,Onion,7642.78
Himachal Pradesh,Other Kharif Pulses,655.18
Himachal Pradesh,Other Rabi Pulses,2401.27
Himachal Pradesh,Peas & Beans (Pulses),1477.44
Himachal Pradesh,Potato,8489.65
Himachal Pradesh,Ragi,888.42
Himachal Pradesh,Rapeseed &Mustard,563.11
Himachal Pradesh,Rice,1555.76
Himachal Pradesh,Sannhamp,475.97
Himachal Pradesh,Sesamum,366.19
Himachal Pradesh,Small Millets,632.13
Himachal Pradesh,Soyabean,1482.25
Himachal Pradesh,Sugarcane,12583.77
Himachal Pradesh,Tobacco,1149.14
Himachal Pradesh,Turmeric,573.87
Himachal Pradesh,Urad,547.64
Himachal Pradesh,Wheat,1425.98
Jammu And Kashmir,Arhar/Tur,550.0
Jammu And Kashmir,Bajra,578.18
Jammu And Kashmir,Barley,631.05
Jammu And Kashmir,Coriander,125.0
Jammu And Kashmir,Cowpea(Lobia),641.04
Jammu And Kashmir,Dry Chillies,906.13
Jammu And Kashmir,Garlic,830.37
Jammu And Kashmir,Ginger,1525.34
Jammu And Kashmir,Gram,522.02
Jammu And Kashmir,Groundnut,557.93
Jammu And Kashmir,Horse-Gram,381.4
Jammu And Kashmir,Jowar,479.1
Jammu And Kashmir,Linseed,664.41
Jammu And Kashmir,Maize,1505.26
Jammu And Kashmir,Masoor,627.28
Jammu And Kashmir,Moong(Green Gram),545.97
Jammu And Kashmir,Moth,675.75
Jammu And Kashmir,Onion,1839.89
Jammu And Kashmir,Other Cereals,794.99
Jammu And Kashmir,Other Kharif Pulses,828.02
Jammu And Kashmir,Other Oilseeds,627.48
Jammu And Kashmir,Other Rabi Pulses,711.07
Jammu And Kashmir,Peas & Beans (Pulses),1097.49
Jammu And Kashmir,Potato,10098.84
Jammu And Kashmir,Ragi,561.96
Jammu And Kashmir,Rapeseed &Mustard,735.5
Jammu And Kashmir,Rice,1905.5
Jammu And Kashmir,Sannhamp,647.36
Jammu And Kashmir,Sesamum,440.09
Jammu And Kashmir,Small Millets,553.59
Jammu And Kashmir,Sugarcane,2272.3
Jammu And Kashmir,Tobacco,345.76
Jammu And Kashmir,Turmeric,1008.63
Jammu And Kashmir,Urad,448.12
Jammu And Kashmir,Wheat,1383.64
Jharkhand,Arhar/Tur,1436.4
Jharkhand,Bajra,613.67
Jharkhand,Barley,859.23
Jharkhand,Castor Seed,571.39
Jharkhand,Gram,943.01
Jharkhand,Groundnut,942.69
Jharkhand,Horse-Gram,644.65
Jharkhand,Jowar,710.98
Jharkhand,Linseed,582.35
Jharkhand,Maize,1542.85
Jharkhand,Masoor,804.12
Jharkhand,Moong(Green Gram),776.46
Jharkhand,Niger Seed,505.36
Jharkhand,Onion,6501.35
Jharkhand,Other Kharif Pulses,621.32
Jharkhand,Other Rabi Pulses,703.48
Jharkhand,Peas & Beans (Pulses),1116.99
Jharkhand,Potato,7446.99
Jharkhand,Ragi,856.6
Jharkhand,Rapeseed &Mustard,840.27
Jharkhand,Rice,1156.97
Jharkhand,Safflower,564.45
Jharkhand,Sesamum,406.28
Jharkhand,Soyabean,829.2
Jharkhand,Sugarcane,39570.01
Jharkhand,Sunflower,663.58
Jharkhand,Urad,970.42
Jharkhand,Wheat,1538.1
Karnataka,Arecanut,6723.13
Karnataka,Arhar/Tur,548.21
Karnataka,Bajra,840.89
Karnataka,Banana,19697.38
Karnataka,Black Pepper,1765.69
Karnataka,Cardamom,143.22
Karnataka,Cashewnut,905.2
Karnataka,Castor Seed,800.38
Karnataka,Coriander,342.67
Karnataka,Cowpea(Lobia),384.98
Karnataka,Dry Chillies,1890.03
Karnataka,Garlic,1980.95
Karnataka,Ginger,18336.02
Karnataka,Gram,537.68
Karnataka,Groundnut,889.18
Karnataka,Horse-Gram,492.25
Karnataka,Jowar,1244.88
Karnataka,Linseed,323.84
Karnataka,Maize,2931.61
Karnataka,Moong(Green Gram),271.13
Karnataka,Niger Seed,245.12
Karnataka,Onion,8092.92
Karnataka,Other Kharif Pulses,611.83
Karnataka,Other Rabi Pulses,372.47
Karnataka,Peas & Beans (Pulses),7523.03
Karnataka,Potato,11508.1
Karnataka,Ragi,1550.95
Karnataka,Rapeseed &Mustard,263.75
Karnataka,Rice,2644.99
Karnataka,Safflower,664.63
Karnataka,Sannhamp,348.51
Karnataka,Sesamum,554.01
Karnataka,Small Millets,560.22
Karnataka,Soyabean,872.59
Karnataka,Sugarcane,87769.45
Karnataka,Sunflower,660.08
Karnataka,Sweet Potato,10817.13
Karnataka,Tapioca,10182.5
Karnataka,Tobacco,743.05
Karnataka,Turmeric,5022.73
Karnataka,Urad,375.46
Karnataka,Wheat,918.65
Kerala,Arecanut,888.25
Kerala,Arhar/Tur,1407.37
Kerala,Banana,8429.23
Kerala,Black Pepper,279.55
Kerala,Cardamom,207.76
Kerala,Cashewnut,461.68
Kerala,Dry Chillies,953.16
Kerala,Garlic,12860.04
Kerala,Ginger,3284.95
Kerala,Gram,732.17
Kerala,Groundnut,957.55
Kerala,Jowar,653.61
Kerala,Maize,2516.33
Kerala,Other Cereals,907.18
Kerala,Other Kharif Pulses,1105.61
Kerala,Other Rabi Pulses,1098.74
Kerala,Potato,12855.69
Kerala,Ragi,946.04
Kerala,Rice,2301.65
Kerala,Sesamum,414.18
Kerala,Small Millets,795.3
Kerala,Soyabean,1332.14
Kerala,Sugarcane,79332.64
Kerala,Sunflower,1000.0
Kerala,Sweet Potato,12289.96
Kerala,Tapioca,31453.18
Kerala,Tobacco,2934.44
Kerala,Turmeric,2315.2
Kerala,Wheat,1658.33
Laddakh,Other Cereals,400.0
Madhya Pradesh,Arhar/Tur,754.8
Madhya Pradesh,Bajra,1137.19
Madhya Pradesh,Banana,38809.19
Madhya Pradesh,Barley,1770.56
Madhya Pradesh,Castor Seed,377.68
Madhya Pradesh,Coriander,757.2
Madhya Pradesh,Cowpea(Lobia),297.19
Madhya Pradesh,Dry Chillies,1617.8
Madhya Pradesh,Garlic,5060.13
Madhya Pradesh,Ginger,5979.37
Madhya Pradesh,Gram,1009.07
Madhya Pradesh,Groundnut,1159.59
Madhya Pradesh,Horse-Gram,324.17
Madhya Pradesh,Jowar,1323.23
Madhya Pradesh,Khesari,664.48
Madhya Pradesh,Linseed,618.05
Madhya Pradesh,Maize,1731.42
Madhya Pradesh,Masoor,611.33
Madhya Pradesh,Moong(Green Gram),438.25
Madhya Pradesh,Niger Seed,280.78
Madhya Pradesh,Onion,16637.67
Madhya Pradesh,Other Cereals,768.35
Madhya Pradesh,Other Kharif Pulses,332.42
Madhya Pradesh,Other Rabi Pulses,501.68
Madhya Pradesh,Peas & Beans (Pulses),641.72
Madhya Pradesh,Potato,14758.25
Madhya Pradesh,Ragi,297.61
Madhya Pradesh,Rapeseed &Mustard,801.15
Madhya Pradesh,Rice,1189.68
Madhya Pradesh,Safflower,419.81
Madhya Pradesh,Sannhamp,1575.7
Madhya Pradesh,Sesamum,432.44
Madhya Pradesh,Small Millets,411.21
Madhya Pradesh,Soyabean,922.57
Madhya Pradesh,Sugarcane,28920.89
Madhya Pradesh,Sunflower,427.31
Madhya Pradesh,Sweet Potato,7971.81
Madhya Pradesh,Tobacco,530.86
Madhya Pradesh,Turmeric,7496.73
Madhya Pradesh,Urad,436.69
Madhya Pradesh,Wheat,2225.11
Maharashtra,Arhar/Tur,655.46
Maharashtra,Bajra,646.02
Maharashtra,Banana,57568.0
Maharashtra,Castor Seed,379.96
Maharashtra,Gram,710.03
Maharashtra,Groundnut,1147.35
Maharashtra,Jowar,929.9
Maharashtra,Linseed,312.43
Maharashtra,Maize,1742.01
Maharashtra,Moong(Green Gram),501.59
Maharashtra,Niger Seed,300.48
Maharashtra,Onion,12449.01
Maharashtra,Other Cereals,608.95
Maharashtra,Other Kharif Pulses,375.87
Maharashtra,Other Oilseeds,492.59
Maharashtra,Other Rabi Pulses,476.15
Maharashtra,Other Summer Pulses,500.13
Maharashtra,Ragi,1023.09
Maharashtra,Rapeseed &Mustard,411.68
Maharashtra,Rice,1562.07
Maharashtra,Safflower,561.56
Maharashtra,Sesamum,338.42
Maharashtra,Small Millets,574.67
Maharashtra,Soyabean,1243.6
Maharashtra,Sugarcane,70103.77
Maharashtra,Sunflower,624.69
Maharashtra,Tobacco,1409.61
Maharashtra,Urad,535.03
Maharashtra,Wheat,1385.14
Manipur,Arhar/Tur,1013.51
Manipur,Banana,12494.28
Manipur,Cashewnut,556.18
Manipur,Cowpea(Lobia),1068.16
Manipur,Dry Chillies,3970.44
Manipur,Ginger,7323.01
Manipur,Gram,875.48
Manipur,Groundnut,813.61
Manipur,Maize,2223.17
Manipur,Masoor,867.33
Manipur,Moong(Green Gram),1005.74
Manipur,Onion,2095.43
Manipur,Other Kharif Pulses,885.85
Manipur,Other Rabi Pulses,884.24
Manipur,Peas & Beans (Pulses),715.88
Manipur,Potato,6974.65
Manipur,Rapeseed &Mustard,758.53
Manipur,Rice,2170.34
Manipur,Sesamum,513.54
Manipur,Soyabean,882.16
Manipur,Sugarcane,49265.44
Manipur,Sweet Potato,5183.25
Manipur,Tapioca,5338.06
Manipur,Turmeric,8396.38
Manipur,Urad,1094.01
Manipur,Wheat,2456.39
Meghalaya,Arecanut,1269.22
Meghalaya,Arhar/Tur,946.55
Meghalaya,Banana,10617.42
Meghalaya,Black Pepper,689.06
Meghalaya,Cashewnut,1458.0
Meghalaya,Castor Seed,794.69
Meghalaya,Coriander,3946.31
Meghalaya,Cowpea(Lobia),1603.66
Meghalaya,Dry Chillies,957.89
Meghalaya,Garlic,1787.91
Meghalaya,Ginger,7829.41
Meghalaya,Gram,808.52
Meghalaya,Linseed,532.4
Meghalaya,Maize,1825.56
Meghalaya,Masoor,1231.5
Meghalaya,Oilseeds Total,717.67
Meghalaya,Onion,8342.37
Meghalaya,Other Rabi Pulses,780.14
Meghalaya,Peas & Beans (Pulses),1678.96
Meghalaya,Potato,7473.81
Meghalaya,Rapeseed &Mustard,746.82
Meghalaya,Rice,2123.97
Meghalaya,Sesamum,786.49
Meghalaya,Small Millets,998.74
Meghalaya,Soyabean,1554.49
Meghalaya,Sugarcane,2500.1
Meghalaya,Sweet Potato,3546.72
Meghalaya,Tapioca,6748.34
Meghalaya,Tobacco,792.34
Meghalaya,Turmeric,5647.74
Meghalaya,Wheat,1452.2
Mizoram,Arhar/Tur,1064.04
Mizoram,Cowpea(Lobia),1231.58
Mizoram,Gram,1045.63
Mizoram,Groundnut,1119.79
Mizoram,Maize,1773.06
Mizoram,Masoor,918.47
Mizoram,Moong(Green Gram),1065.32
Mizoram,Onion,5604.93
Mizoram,Other Kharif Pulses,1117.63
Mizoram,Other Oilseeds,728.82
Mizoram,Other Rabi Pulses,1502.96
Mizoram,Peas & Beans (Pulses),1080.28
Mizoram,Potato,4959.07
Mizoram,Rapeseed &Mustard,946.69
Mizoram,Rice,1662.63
Mizoram,Sesamum,686.43
Mizoram,Soyabean,1344.04
Mizoram,Sugarcane,15832.33
Mizoram,Sunflower,887.07
Mizoram,Tapioca,7545.4
Mizoram,Tobacco,779.23
Mizoram,Urad,1084.7
Mizoram,Wheat,979.31
Nagaland,Arhar/Tur,910.21
Nagaland,Bajra,1010.85
Nagaland,Barley,1299.83
Nagaland,Cardamom,755.64
Nagaland,Castor Seed,681.55
Nagaland,Cowpea(Lobia),1468.9
Nagaland,Dry Chillies,1262.7
Nagaland,Ginger,9011.24
Nagaland,Gram,857.37
Nagaland,Groundnut,1055.03
Nagaland,Horse-Gram,1037.53
Nagaland,Jowar,1058.68
Nagaland,Linseed,756.42
Nagaland,Maize,1824.61
Nagaland,Masoor,852.22
Nagaland,Moong(Green Gram),977.59
Nagaland,Niger Seed,848.96
Nagaland,Oilseeds Total,1022.3
Nagaland,Other Cereals,1021.83
Nagaland,Other Kharif Pulses,1066.94
Nagaland,Other Oilseeds,600.81
Nagaland,Other Rabi Pulses,1113.67
Nagaland,Peas & Beans (Pulses),1151.68
Nagaland,Potato,10557.92
Nagaland,Ragi,947.11
Nagaland,Rapeseed &Mustard,934.25
Nagaland,Rice,2013.12
Nagaland,Sesamum,640.74
Nagaland,Small Millets,1018.25
Nagaland,Soyabean,1275.21
Nagaland,Sugarcane,42434.24
Nagaland,Sunflower,932.55
Nagaland,Sweet Potato,8502.04
Nagaland,Tapioca,20412.24
Nagaland,Turmeric,4379.56
Nagaland,Urad,809.89
Nagaland,Wheat,1726.3
Odisha,Arhar/Tur,573.74
Odisha,Bajra,559.81
Odisha,Castor Seed,542.27
Odisha,Coriander,493.77
Odisha,Cowpea(Lobia),738.88
Odisha,Dry Chillies,906.3
Odisha,Garlic,3268.2
Odisha,Ginger,3504.84
Odisha,Gram,554.34
Odisha,Groundnut,1125.1
Odisha,Horse-Gram,315.61
Odisha,Jowar,586.42
Odisha,Linseed,399.07
Odisha,Maize,1474.08
Odisha,Masoor,420.02
Odisha,Moong(Green Gram),306.36
Odisha,Niger Seed,316.93
Odisha,Onion,8843.44
Odisha,Other Kharif Pulses,485.13
Odisha,Other Rabi Pulses,569.28
Odisha,Peas & Beans (Pulses),770.81
Odisha,Potato,10297.08
Odisha,Ragi,586.9
Odisha,Rapeseed &Mustard,229.98
Odisha,Rice,1679.09
Odisha,Safflower,504.4
Odisha,Sannhamp,4232.33
Odisha,Sesamum,265.02
Odisha,Small Millets,433.47
Odisha,Soyabean,166.67
Odisha,Sugarcane,57283.64
Odisha,Sunflower,733.54
Odisha,Sweet Potato,8452.6
Odisha,Tobacco,527.23
Odisha,Turmeric,2197.05
Odisha,Urad,309.8
Odisha,Wheat,1329.2
Puducherry,Arecanut,1437.98
Puducherry,Bajra,2346.14
Puducherry,Banana,22904.94
Puducherry,Black Pepper,833.0
Puducherry,Cashewnut,766.73
Puducherry,Coriander,678.79
Puducherry,Dry Chillies,4348.22
Puducherry,Ginger,552.24
Puducherry,Groundnut,2015.71
Puducherry,Jowar,1912.04
Puducherry,Moong(Green Gram),599.16
Puducherry,Onion,9063.89
Puducherry,Other Cereals,2033.67
Puducherry,Other Kharif Pulses,1121.65
Puducherry,Other Rabi Pulses,1054.27
Puducherry,Other Summer Pulses,1352.38
Puducherry,Ragi,2136.69
Puducherry,Rapeseed &Mustard,6185.9
Puducherry,Rice,2909.75
Puducherry,Sesamum,744.02
Puducherry,Small Millets,1098.02
Puducherry,Sugarcane,101029.17
Puducherry,Sunflower,833.33
Puducherry,Sweet Potato,8907.84
Puducherry,Tapioca,23343.01
Puducherry,Tobacco,30168.32
Puducherry,Turmeric,2938.1
Puducherry,Urad,708.24
Punjab,Arhar/Tur,956.96
Punjab,Bajra,939.04
Punjab,Barley,3467.1
Punjab,Gram,1028.21
Punjab,Groundnut,1067.04
Punjab,Guar Seed,888.86
Punjab,Jowar,1000.0
Punjab,Linseed,1000.0
Punjab,Maize,3295.25
Punjab,Masoor,708.29
Punjab,Moong(Green Gram),810.65
Punjab,Moth,933.33
Punjab,Other Oilseeds,1390.0
Punjab,Other Rabi Pulses,1007.07
Punjab,Peas & Beans (Pulses),1159.76
Punjab,Rapeseed &Mustard,1239.1
Punjab,Rice,3786.95
Punjab,Sesamum,409.75
Punjab,Sugarcane,67203.74
Punjab,Sunflower,1821.49
Punjab,Urad,604.03
Punjab,Wheat,4538.87
Rajasthan,Arhar/Tur,829.12
Rajasthan,Bajra,957.32
Rajasthan,Banana,14274.85
Rajasthan,Barley,2537.45
Rajasthan,Castor Seed,958.49
Rajasthan,Coriander,1033.83
Rajasthan,Dry Chillies,1287.53
Rajasthan,Garlic,3141.87
Rajasthan,Ginger,2776.36
Rajasthan,Gram,948.57
Rajasthan,Groundnut,1430.13
Rajasthan,Guar Seed,724.39
Rajasthan,Jowar,657.81
Rajasthan,Linseed,906.36
Rajasthan,Maize,1428.29
Rajasthan,Masoor,993.36
Rajasthan,Moong(Green Gram),403.27
Rajasthan,Moth,308.7
Rajasthan,Onion,6066.99
Rajasthan,Other Kharif Pulses,483.97
Rajasthan,Other Oilseeds,509.17
Rajasthan,Other Rabi Pulses,1249.75
Rajasthan,Peas & Beans (Pulses),2151.74
Rajasthan,Potato,7272.3
Rajasthan,Rapeseed &Mustard,1155.71
Rajasthan,Rice,1729.42
Rajasthan,Sannhamp,886.54
Rajasthan,Sesamum,325.22
Rajasthan,Small Millets,764.65
Rajasthan,Soyabean,1108.45
Rajasthan,Sugarcane,61180.95
Rajasthan,Sunflower,1155.35
Rajasthan,Sweet Potato,3357.54
Rajasthan,Tapioca,2094.1
Rajasthan,Tobacco,1635.31
Rajasthan,Turmeric,2721.03
Rajasthan,Urad,450.37
Rajasthan,Wheat,2824.82
Sikkim,Barley,1066.51
Sikkim,Maize,1899.95
Sikkim,Oilseeds Total,595.08
Sikkim,Other Cereals,880.15
Sikkim,Other Kharif Pulses,1091.69
Sikkim,Other Oilseeds,554.55
Sikkim,Other Rabi Pulses,1087.08
Sikkim,Potato,4776.61
Sikkim,Rapeseed &Mustard,875.55
Sikkim,Rice,2050.14
Sikkim,Small Millets,1041.89
Sikkim,Soyabean,1031.07
Sikkim,Urad,1020.34
Sikkim,Wheat,1175.63
Tamil Nadu,Arecanut,1787.36
Tamil Nadu,Arhar/Tur,801.61
Tamil Nadu,Bajra,2080.82
Tamil Nadu,Banana,40847.76
Tamil Nadu,Black Pepper,218.12
Tamil Nadu,Cardamom,657.23
Tamil Nadu,Cashewnut,385.58
Tamil Nadu,Castor Seed,397.53
Tamil Nadu,Coriander,413.34
Tamil Nadu,Cowpea(Lobia),743.08
Tamil Nadu,Dry Chillies,694.1
Tamil Nadu,Garlic,5208.32
Tamil Nadu,Ginger,17130.44
Tamil Nadu,Gram,627.94
Tamil Nadu,Groundnut,2430.64
Tamil Nadu,Guar Seed,10651.67
Tamil Nadu,Horse-Gram,545.75
Tamil Nadu,Jowar,1287.54
Tamil Nadu,Maize,5279.87
Tamil Nadu,Masoor,1136.8
Tamil Nadu,Moong(Green Gram),529.36
Tamil Nadu,Onion,8734.67
Tamil Nadu,Other Cereals,1247.42
Tamil Nadu,Other Kharif Pulses,427.57
Tamil Nadu,Other Rabi Pulses,720.29
Tamil Nadu,Potato,19232.34
Tamil Nadu,Ragi,2630.84
Tamil Nadu,Rapeseed &Mustard,260.55
Tamil Nadu,Rice,3742.28
Tamil Nadu,Sannhamp,733.84
Tamil Nadu,Sesamum,504.32
Tamil Nadu,Small Millets,1318.59
Tamil Nadu,Sugarcane,101825.83
Tamil Nadu,Sunflower,1294.91
Tamil Nadu,Sweet Potato,17316.87
Tamil Nadu,Tapioca,35955.6
Tamil Nadu,Tobacco,1562.68
Tamil Nadu,Turmeric,4793.97
Tamil Nadu,Urad,621.11
Tamil Nadu,Wheat,477.59
Telangana,Arhar/Tur,815.72
Telangana,Bajra,932.93
Telangana,Banana,55005.43
Telangana,Cashewnut,367.77
Telangana,Castor Seed,793.94
Telangana,Coriander,777.91
Telangana,Cowpea(Lobia),995.04
Telangana,Dry Chillies,4448.77
Telangana,Garlic,2902.93
Telangana,Ginger,6816.65
Telangana,Gram,1426.18
Telangana,Groundnut,2137.74
Telangana,Horse-Gram,595.07
Telangana,Jowar,1211.31
Telangana,Linseed,451.65
Telangana,Maize,5086.44
Telangana,Masoor,416.6
Telangana,Moong(Green Gram),761.83
Telangana,Niger Seed,350.0
Telangana,Oilseeds Total,2188.29
Telangana,Onion,25341.5
Telangana,Other Kharif Pulses,440.28
Telangana,Other Oilseeds,13893.16
Telangana,Other Rabi Pulses,945.85
Telangana,Potato,12410.36
Telangana,Ragi,1292.94
Telangana,Rapeseed &Mustard,1048.88
Telangana,Rice,3275.07
Telangana,Safflower,807.53
Telangana,Sesamum,465.76
Telangana,Small Millets,1421.75
Telangana,Soyabean,1446.86
Telangana,Sugarcane,77789.02
Telangana,Sunflower,1684.27
Telangana,Sweet Potato,10419.64
Telangana,Tobacco,3498.36
Telangana,Turmeric,5880.97
Telangana,Urad,971.32
Telangana,Wheat,1538.71
Tripura,Arhar/Tur,730.37
Tripura,Cowpea(Lobia),735.42
Tripura,Gram,744.69
Tripura,Groundnut,1188.2
Tripura,Jowar,806.78
Tripura,Khesari,670.84
Tripura,Linseed,696.83
Tripura,Maize,1351.42
Tripura,Masoor,684.17
Tripura,Moong(Green Gram),566.55
Tripura,Oilseeds Total,696.51
Tripura,Other Kharif Pulses,754.64
Tripura,Other Oilseeds,729.02
Tripura,Other Rabi Pulses,825.4
Tripura,Peas & Beans (Pulses),799.02
Tripura,Potato,17733.84
Tripura,Rapeseed &Mustard,797.88
Tripura,Rice,2503.26
Tripura,Sesamum,571.75
Tripura,Small Millets,809.9
Tripura,Soyabean,782.62
Tripura,Sugarcane,51614.87
Tripura,Urad,627.31
Tripura,Wheat,2074.16
Uttar Pradesh,Arhar/Tur,930.85
Uttar Pradesh,Bajra,1417.78
Uttar Pradesh,Banana,44012.35
Uttar Pradesh,Barley,2305.16
Uttar Pradesh,Castor Seed,768.88
Uttar Pradesh,Coriander,570.32
Uttar Pradesh,Dry Chillies,893.34
Uttar Pradesh,Garlic,5484.35
Uttar Pradesh,Ginger,3437.6
Uttar Pradesh,Gram,985.9
Uttar Pradesh,Groundnut,882.83
Uttar Pradesh,Guar Seed,803.98
Uttar Pradesh,Jowar,1006.81
Uttar Pradesh,Linseed,462.49
Uttar Pradesh,Maize,1775.39
Uttar Pradesh,Masoor,837.79
Uttar Pradesh,Moong(Green Gram),515.5
Uttar Pradesh,Moth,470.57
Uttar Pradesh,Oilseeds Total,627.34
Uttar Pradesh,Onion,14218.43
Uttar Pradesh,Other Kharif Pulses,543.09
Uttar Pradesh,Other Rabi Pulses,1039.88
Uttar Pradesh,Peas & Beans (Pulses),1259.68
Uttar Pradesh,Potato,21732.43
Uttar Pradesh,Ragi,1448.79
Uttar Pradesh,Rapeseed &Mustard,952.77
Uttar Pradesh,Rice,2176.28
Uttar Pradesh,Sannhamp,309.26
Uttar Pradesh,Sesamum,195.04
Uttar Pradesh,Small Millets,752.9
Uttar Pradesh,Soyabean,759.59
Uttar Pradesh,Sugarcane,55635.47
Uttar Pradesh,Sunflower,1541.75
Uttar Pradesh,Sweet Potato,12428.54
Uttar Pradesh,Tobacco,4730.94
Uttar Pradesh,Turmeric,2284.88
Uttar Pradesh,Urad,563.95
Uttar Pradesh,Wheat,2903.75
Uttarakhand,Arhar/Tur,717.31
Uttarakhand,Bajra,1087.79
Uttarakhand,Barley,1264.82
Uttarakhand,Dry Chillies,303.06
Uttarakhand,Garlic,1914.49
Uttarakhand,Ginger,9658.5
Uttarakhand,Gram,683.33
Uttarakhand,Groundnut,1085.8
Uttarakhand,Horse-Gram,766.86
Uttarakhand,Jowar,733.33
Uttarakhand,Linseed,410.97
Uttarakhand,Maize,1505.86
Uttarakhand,Masoor,647.45
Uttarakhand,Moong(Green Gram),593.95
Uttarakhand,Moth,470.17
Uttarakhand,Oilseeds Total,720.7
Uttarakhand,Onion,8669.76
Uttarakhand,Other Cereals,847.08
Uttarakhand,Other Kharif Pulses,857.93
Uttarakhand,Other Oilseeds,630.47
Uttarakhand,Other Rabi Pulses,640.76
Uttarakhand,Other Summer Pulses,625.0
Uttarakhand,Peas & Beans (Pulses),685.69
Uttarakhand,Potato,12199.55
Uttarakhand,Ragi,1432.46
Uttarakhand,Rapeseed &Mustard,637.3
Uttarakhand,Rice,1973.69
Uttarakhand,Sannhamp,314.95
Uttarakhand,Sesamum,231.56
Uttarakhand,Small Millets,1216.51
Uttarakhand,Soyabean,1015.27
Uttarakhand,Sugarcane,63123.14
Uttarakhand,Sunflower,911.04
Uttarakhand,Tobacco,4166.33
Uttarakhand,Turmeric,2986.15
Uttarakhand,Urad,694.43
Uttarakhand,Wheat,1808.09
West Bengal,Arecanut,2013.95
West Bengal,Arhar/Tur,1082.53
West Bengal,Bajra,567.63
West Bengal,Barley,1327.59
West Bengal,Cardamom,535.9
West Bengal,Castor Seed,753.94
West Bengal,Dry Chillies,1030.35
West Bengal,Garlic,10537.88
West Bengal,Ginger,1666.71
West Bengal,Gram,981.73
West Bengal,Groundnut,1575.36
West Bengal,Horse-Gram,534.49
West Bengal,Jowar,629.69
West Bengal,Khesari,957.32
West Bengal,Linseed,342.66
West Bengal,Maize,3016.15
West Bengal,Masoor,717.95
West Bengal,Moong(Green Gram),675.76
West Bengal,Moth,888.54
West Bengal,Niger Seed,510.6
West Bengal,Oilseeds Total,699.03
West Bengal,Other Kharif Pulses,561.24
West Bengal,Other Rabi Pulses,541.55
West Bengal,Peas & Beans (Pulses),948.08
West Bengal,Potato,23351.19
West Bengal,Ragi,800.08
West Bengal,Rapeseed &Mustard,841.57
West Bengal,Rice,2532.4
West Bengal,Safflower,782.55
West Bengal,Sannhamp,4819.77
West Bengal,Sesamum,736.91
West Bengal,Small Millets,794.74
West Bengal,Soyabean,672.65
West Bengal,Sugarcane,83072.74
West Bengal,Sunflower,1171.56
West Bengal,Tobacco,917.76
West Bengal,Turmeric,1784.82
West Bengal,Urad,660.93
West Bengal,Wheat,2303.35
